position,human_aa,conservation,n_valid
1,M,1.0,24
2,E,0.7692307692307693,26
3,E,0.8461538461538461,26
4,P,0.4782608695652174,23
5,Q,0.8260869565217391,23
6,S,0.6956521739130435,23
7,D,0.52,25
8,P,0.23076923076923078,26
9,S,0.48148148148148145,27
10,V,0.2962962962962963,27
11,E,0.7407407407407407,27
12,P,0.6428571428571429,28
13,P,0.896551724137931,29
14,L,0.7931034482758621,29
15,S,0.8620689655172413,29
16,Q,0.8620689655172413,29
17,E,0.7931034482758621,29
18,T,0.7586206896551724,29
19,F,1.0,29
20,S,0.7241379310344828,29
21,D,0.6896551724137931,29
22,L,1.0,29
23,W,1.0,29
24,K,0.5172413793103449,29
25,L,0.7241379310344828,29
26,L,0.7586206896551724,29
27,P,0.7586206896551724,29
28,E,0.5517241379310345,29
29,N,0.6206896551724138,29
30,N,0.6428571428571429,28
31,V,0.48,25
32,L,0.8,25
33,S,0.6296296296296297,27
34,P,0.2916666666666667,24
35,L,0.34782608695652173,23
36,P,0.3157894736842105,19
37,S,0.45,20
38,Q,0.42857142857142855,14
39,A,0.4117647058823529,17
40,M,0.36363636363636365,22
41,D,0.7272727272727273,22
42,D,0.6818181818181818,22
43,L,0.8823529411764706,17
44,M,0.2608695652173913,23
45,L,0.5416666666666666,24
46,S,0.4782608695652174,23
47,P,0.5769230769230769,26
48,D,0.2727272727272727,22
49,D,0.64,25
50,I,0.07407407407407407,27
51,E,0.21428571428571427,28
52,Q,0.21428571428571427,28
53,W,0.8928571428571429,28
54,F,0.14285714285714285,28
55,T,0.21428571428571427,28
56,E,0.64,25
57,D,0.36,25
58,P,0.64,25
59,G,0.3888888888888889,18
60,P,0.3333333333333333,18
61,D,0.5357142857142857,28
62,E,0.5357142857142857,28
63,A,0.6153846153846154,26
64,P,0.5769230769230769,26
65,R,0.34615384615384615,26
66,M,0.52,25
67,P,0.44,25
68,E,0.52,25
69,A,0.6842105263157895,19
70,A,0.35294117647058826,17
71,P,0.5294117647058824,17
72,P,0.38095238095238093,21
73,V,0.19047619047619047,21
74,A,0.43478260869565216,23
75,P,0.7391304347826086,23
76,A,0.45454545454545453,22
77,P,0.48,25
78,A,0.6,25
79,A,0.6956521739130435,23
80,P,0.9565217391304348,23
81,T,0.32,25
82,P,0.8,25
83,A,0.5909090909090909,22
84,A,0.7391304347826086,23
85,P,0.7307692307692307,26
86,A,0.7307692307692307,26
87,P,0.7307692307692307,26
88,A,0.8076923076923077,26
89,P,0.27586206896551724,29
90,S,0.5862068965517241,29
91,W,0.6896551724137931,29
92,P,0.896551724137931,29
93,L,0.6896551724137931,29
94,S,0.8275862068965517,29
95,S,0.8275862068965517,29
96,S,0.4827586206896552,29
97,V,1.0,29
98,P,1.0,29
99,S,0.7586206896551724,29
100,Q,0.5517241379310345,29
101,K,0.6551724137931034,29
102,T,0.6551724137931034,29
103,Y,1.0,29
104,Q,0.20689655172413793,29
105,G,1.0,29
106,S,0.3448275862068966,29
107,Y,0.8275862068965517,29
108,G,0.8620689655172413,29
109,F,0.9310344827586207,29
110,R,0.5862068965517241,29
111,L,0.9310344827586207,29
112,G,0.7241379310344828,29
113,F,1.0,29
114,L,0.7241379310344828,29
115,H,0.4827586206896552,29
116,S,0.9310344827586207,29
117,G,0.9310344827586207,29
118,T,0.9655172413793104,29
119,A,0.9655172413793104,29
120,K,1.0,29
121,S,1.0,29
122,V,1.0,29
123,T,0.9310344827586207,29
124,C,0.8620689655172413,29
125,T,1.0,29
126,Y,0.9655172413793104,29
127,S,1.0,29
128,P,0.8275862068965517,29
129,A,0.10344827586206896,29
130,L,1.0,29
131,N,0.9655172413793104,29
132,K,1.0,29
133,M,0.1724137931034483,29
134,F,0.8620689655172413,29
135,C,1.0,29
136,Q,0.9655172413793104,29
137,L,1.0,29
138,A,1.0,29
139,K,1.0,29
140,T,0.9655172413793104,29
141,C,0.896551724137931,29
142,P,0.9655172413793104,29
143,V,0.9310344827586207,29
144,Q,0.8275862068965517,29
145,L,0.6551724137931034,29
146,W,0.6896551724137931,29
147,V,0.9310344827586207,29
148,D,0.4482758620689655,29
149,S,0.7241379310344828,29
150,T,0.3793103448275862,29
151,P,1.0,29
152,P,1.0,29
153,P,0.7586206896551724,29
154,G,0.9655172413793104,29
155,T,0.5172413793103449,29
156,R,0.6206896551724138,29
157,V,0.7586206896551724,29
158,R,1.0,29
159,A,1.0,29
160,M,0.6551724137931034,29
161,A,1.0,29
162,I,0.8275862068965517,29
163,Y,1.0,29
164,K,1.0,29
165,Q,0.20689655172413793,29
166,S,0.6896551724137931,29
167,Q,0.4482758620689655,29
168,H,0.7241379310344828,29
169,M,0.6206896551724138,29
170,T,0.6896551724137931,29
171,E,0.896551724137931,29
172,V,1.0,29
173,V,1.0,29
174,R,0.9655172413793104,29
175,R,1.0,29
176,C,0.9655172413793104,29
177,P,1.0,29
178,H,1.0,29
179,H,1.0,29
180,E,0.8620689655172413,29
181,R,0.8620689655172413,29
182,C,0.5769230769230769,26
183,S,0.7692307692307693,26
184,D,0.8076923076923077,26
185,S,0.5862068965517241,29
186,D,0.9310344827586207,29
187,G,0.7931034482758621,29
188,L,0.7931034482758621,29
189,A,0.896551724137931,29
190,P,0.896551724137931,29
191,P,0.7586206896551724,29
192,Q,0.7241379310344828,29
193,H,1.0,29
194,L,1.0,29
195,I,0.896551724137931,29
196,R,1.0,29
197,V,0.9310344827586207,29
198,E,1.0,29
199,G,1.0,29
200,N,0.896551724137931,29
201,L,0.6551724137931034,29
202,R,0.6551724137931034,29
203,V,0.1724137931034483,29
204,E,0.6551724137931034,29
205,Y,1.0,29
206,L,0.4482758620689655,29
207,D,0.6896551724137931,29
208,D,0.9655172413793104,29
209,R,0.6206896551724138,29
210,N,0.6206896551724138,29
211,T,0.9310344827586207,29
212,F,0.6896551724137931,29
213,R,0.9655172413793104,29
214,H,0.896551724137931,29
215,S,1.0,29
216,V,1.0,29
217,V,0.7931034482758621,29
218,V,1.0,29
219,P,1.0,29
220,Y,1.0,29
221,E,1.0,29
222,P,0.7931034482758621,29
223,P,1.0,29
224,E,0.7241379310344828,29
225,V,0.6896551724137931,29
226,G,0.896551724137931,29
227,S,0.9310344827586207,29
228,D,0.5517241379310345,29
229,C,0.6896551724137931,29
230,T,1.0,29
231,T,0.9655172413793104,29
232,I,0.7931034482758621,29
233,H,0.6896551724137931,29
234,Y,0.8620689655172413,29
235,N,0.8275862068965517,29
236,Y,0.6206896551724138,29
237,M,1.0,29
238,C,1.0,29
239,N,1.0,29
240,S,1.0,29
241,S,1.0,29
242,C,1.0,29
243,M,1.0,29
244,G,1.0,29
245,G,1.0,29
246,M,1.0,29
247,N,1.0,29
248,R,1.0,29
249,R,1.0,29
250,P,0.9655172413793104,29
251,I,1.0,29
252,L,0.9655172413793104,29
253,T,1.0,29
254,I,1.0,29
255,I,0.8620689655172413,29
256,T,0.9655172413793104,29
257,L,1.0,29
258,E,1.0,29
259,D,0.6551724137931034,29
260,S,0.6071428571428571,28
261,S,0.5172413793103449,29
262,G,1.0,29
263,N,0.5862068965517241,29
264,L,0.8620689655172413,29
265,L,1.0,29
266,G,1.0,29
267,R,1.0,29
268,N,0.5517241379310345,29
269,S,0.7931034482758621,29
270,F,1.0,29
271,E,1.0,29
272,V,1.0,29
273,R,1.0,29
274,V,0.8620689655172413,29
275,C,1.0,29
276,A,1.0,29
277,C,1.0,29
278,P,1.0,29
279,G,1.0,29
280,R,1.0,29
281,D,1.0,29
282,R,1.0,29
283,R,0.7241379310344828,29
284,T,0.9655172413793104,29
285,E,0.9655172413793104,29
286,E,1.0,29
287,E,0.7241379310344828,29
288,N,0.9310344827586207,29
289,L,0.13793103448275862,29
290,R,0.5862068965517241,29
291,K,1.0,29
292,K,0.6896551724137931,29
293,G,0.6551724137931034,29
294,E,0.5862068965517241,29
295,P,0.42857142857142855,28
296,H,0.03571428571428571,28
297,H,0.18518518518518517,27
298,E,0.6296296296296297,27
299,L,0.5416666666666666,24
300,P,0.9523809523809523,21
301,P,0.8571428571428571,21
302,G,0.64,25
303,S,0.7037037037037037,27
304,T,0.4642857142857143,28
305,K,1.0,28
306,R,1.0,29
307,A,0.7586206896551724,29
308,L,0.7931034482758621,29
309,P,0.6896551724137931,29
310,N,0.2222222222222222,27
311,N,0.37037037037037035,27
312,T,0.7777777777777778,27
313,S,0.7857142857142857,28
314,S,0.75,28
315,S,0.6785714285714286,28
316,P,0.8571428571428571,28
317,Q,0.5172413793103449,29
318,P,0.4482758620689655,29
319,K,0.9310344827586207,29
320,K,0.6896551724137931,29
321,K,0.6896551724137931,29
322,P,0.6206896551724138,29
323,L,0.6896551724137931,29
324,D,0.9310344827586207,29
325,G,0.6206896551724138,29
326,E,1.0,29
327,Y,0.6896551724137931,29
328,F,0.8620689655172413,29
329,T,0.896551724137931,29
330,L,0.9310344827586207,29
331,Q,0.6551724137931034,29
332,I,0.7931034482758621,29
333,R,0.896551724137931,29
334,G,1.0,29
335,R,0.7586206896551724,29
336,E,0.6896551724137931,29
337,R,0.9310344827586207,29
338,F,0.5862068965517241,29
339,E,0.9310344827586207,29
340,M,0.8275862068965517,29
341,F,0.6206896551724138,29
342,R,0.5862068965517241,29
343,E,0.6896551724137931,29
344,L,0.6896551724137931,29
345,N,1.0,29
346,E,0.6551724137931034,29
347,A,0.7931034482758621,29
348,L,0.9655172413793104,29
349,E,0.9310344827586207,29
350,L,0.9310344827586207,29
351,K,0.6551724137931034,29
352,D,0.7931034482758621,29
353,A,0.6896551724137931,29
354,Q,0.5172413793103449,29
355,A,0.4827586206896552,29
356,G,0.42857142857142855,28
357,K,0.5,28
358,E,0.6551724137931034,29
359,P,0.5172413793103449,29
360,G,0.4642857142857143,28
361,G,0.32142857142857145,28
362,S,0.72,25
363,R,0.92,25
364,A,0.72,25
365,H,0.8333333333333334,24
366,S,0.7916666666666666,24
367,S,0.8,25
368,H,0.52,25
369,L,0.6666666666666666,27
370,K,0.7857142857142857,28
371,S,0.5357142857142857,28
372,K,0.7142857142857143,28
373,K,0.6896551724137931,29
374,G,0.7586206896551724,29
375,Q,0.5862068965517241,29
376,S,0.6896551724137931,29
377,T,0.4482758620689655,29
378,S,0.7931034482758621,29
379,R,0.6206896551724138,29
380,H,0.6206896551724138,29
381,K,0.9655172413793104,29
382,K,0.9310344827586207,29
383,L,0.5172413793103449,29
384,M,0.7241379310344828,29
385,F,0.41379310344827586,29
386,K,0.896551724137931,29
387,T,0.21428571428571427,28
388,E,0.8928571428571429,28
389,G,0.75,28
390,P,0.6666666666666666,27
391,D,0.9629629629629629,27
392,S,0.9629629629629629,27
393,D,0.9259259259259259,27
