position,human_aa,most_common_aa,conservation_majority,n_valid
1,M,M,1.0,24
2,E,E,0.7692307692307693,26
3,E,E,0.8461538461538461,26
4,P,P,0.4782608695652174,23
5,Q,Q,0.8260869565217391,23
6,S,S,0.6956521739130435,23
7,D,D,0.52,25
8,P,L,0.46153846153846156,26
9,S,S,0.48148148148148145,27
10,V,I,0.4074074074074074,27
11,E,E,0.7407407407407407,27
12,P,P,0.6428571428571429,28
13,P,P,0.896551724137931,29
14,L,L,0.7931034482758621,29
15,S,S,0.8620689655172413,29
16,Q,Q,0.8620689655172413,29
17,E,E,0.7931034482758621,29
18,T,T,0.7586206896551724,29
19,F,F,1.0,29
20,S,S,0.7241379310344828,29
21,D,D,0.6896551724137931,29
22,L,L,1.0,29
23,W,W,1.0,29
24,K,K,0.5172413793103449,29
25,L,L,0.7241379310344828,29
26,L,L,0.7586206896551724,29
27,P,P,0.7586206896551724,29
28,E,E,0.5517241379310345,29
29,N,N,0.6206896551724138,29
30,N,N,0.6428571428571429,28
31,V,V,0.48,25
32,L,L,0.8,25
33,S,S,0.6296296296296297,27
34,P,S,0.3333333333333333,24
35,L,L,0.34782608695652173,23
36,P,S,0.5789473684210527,19
37,S,S,0.45,20
38,Q,Q,0.42857142857142855,14
39,A,A,0.4117647058823529,17
40,M,V,0.5,22
41,D,D,0.7272727272727273,22
42,D,D,0.6818181818181818,22
43,L,L,0.8823529411764706,17
44,M,L,0.6086956521739131,23
45,L,L,0.5416666666666666,24
46,S,S,0.4782608695652174,23
47,P,P,0.5769230769230769,26
48,D,E,0.5454545454545454,22
49,D,D,0.64,25
50,I,V,0.5185185185185185,27
51,E,A,0.42857142857142855,28
52,Q,N,0.25,28
53,W,W,0.8928571428571429,28
54,F,L,0.5714285714285714,28
55,T,D,0.32142857142857145,28
56,E,E,0.64,25
57,D,D,0.36,25
58,P,P,0.64,25
59,G,G,0.3888888888888889,18
60,P,P,0.3333333333333333,18
61,D,D,0.5357142857142857,28
62,E,E,0.5357142857142857,28
63,A,A,0.6153846153846154,26
64,P,P,0.5769230769230769,26
65,R,R,0.34615384615384615,26
66,M,M,0.52,25
67,P,P,0.44,25
68,E,E,0.52,25
69,A,A,0.6842105263157895,19
70,A,P,0.5294117647058824,17
71,P,P,0.5294117647058824,17
72,P,P,0.38095238095238093,21
73,V,M,0.23809523809523808,21
74,A,A,0.43478260869565216,23
75,P,P,0.7391304347826086,23
76,A,A,0.45454545454545453,22
77,P,P,0.48,25
78,A,A,0.6,25
79,A,A,0.6956521739130435,23
80,P,P,0.9565217391304348,23
81,T,A,0.32,25
82,P,P,0.8,25
83,A,A,0.5909090909090909,22
84,A,A,0.7391304347826086,23
85,P,P,0.7307692307692307,26
86,A,A,0.7307692307692307,26
87,P,P,0.7307692307692307,26
88,A,A,0.8076923076923077,26
89,P,T,0.4482758620689655,29
90,S,S,0.5862068965517241,29
91,W,W,0.6896551724137931,29
92,P,P,0.896551724137931,29
93,L,L,0.6896551724137931,29
94,S,S,0.8275862068965517,29
95,S,S,0.8275862068965517,29
96,S,S,0.4827586206896552,29
97,V,V,1.0,29
98,P,P,1.0,29
99,S,S,0.7586206896551724,29
100,Q,Q,0.5517241379310345,29
101,K,K,0.6551724137931034,29
102,T,T,0.6551724137931034,29
103,Y,Y,1.0,29
104,Q,P,0.5172413793103449,29
105,G,G,1.0,29
106,S,S,0.3448275862068966,29
107,Y,Y,0.8275862068965517,29
108,G,G,0.8620689655172413,29
109,F,F,0.9310344827586207,29
110,R,R,0.5862068965517241,29
111,L,L,0.9310344827586207,29
112,G,G,0.7241379310344828,29
113,F,F,1.0,29
114,L,L,0.7241379310344828,29
115,H,H,0.4827586206896552,29
116,S,S,0.9310344827586207,29
117,G,G,0.9310344827586207,29
118,T,T,0.9655172413793104,29
119,A,A,0.9655172413793104,29
120,K,K,1.0,29
121,S,S,1.0,29
122,V,V,1.0,29
123,T,T,0.9310344827586207,29
124,C,C,0.8620689655172413,29
125,T,T,1.0,29
126,Y,Y,0.9655172413793104,29
127,S,S,1.0,29
128,P,P,0.8275862068965517,29
129,A,D,0.3103448275862069,29
130,L,L,1.0,29
131,N,N,0.9655172413793104,29
132,K,K,1.0,29
133,M,L,0.7931034482758621,29
134,F,F,0.8620689655172413,29
135,C,C,1.0,29
136,Q,Q,0.9655172413793104,29
137,L,L,1.0,29
138,A,A,1.0,29
139,K,K,1.0,29
140,T,T,0.9655172413793104,29
141,C,C,0.896551724137931,29
142,P,P,0.9655172413793104,29
143,V,V,0.9310344827586207,29
144,Q,Q,0.8275862068965517,29
145,L,L,0.6551724137931034,29
146,W,W,0.6896551724137931,29
147,V,V,0.9310344827586207,29
148,D,D,0.4482758620689655,29
149,S,S,0.7241379310344828,29
150,T,T,0.3793103448275862,29
151,P,P,1.0,29
152,P,P,1.0,29
153,P,P,0.7586206896551724,29
154,G,G,0.9655172413793104,29
155,T,T,0.5172413793103449,29
156,R,R,0.6206896551724138,29
157,V,V,0.7586206896551724,29
158,R,R,1.0,29
159,A,A,1.0,29
160,M,M,0.6551724137931034,29
161,A,A,1.0,29
162,I,I,0.8275862068965517,29
163,Y,Y,1.0,29
164,K,K,1.0,29
165,Q,K,0.7586206896551724,29
166,S,S,0.6896551724137931,29
167,Q,E,0.5172413793103449,29
168,H,H,0.7241379310344828,29
169,M,M,0.6206896551724138,29
170,T,T,0.6896551724137931,29
171,E,E,0.896551724137931,29
172,V,V,1.0,29
173,V,V,1.0,29
174,R,R,0.9655172413793104,29
175,R,R,1.0,29
176,C,C,0.9655172413793104,29
177,P,P,1.0,29
178,H,H,1.0,29
179,H,H,1.0,29
180,E,E,0.8620689655172413,29
181,R,R,0.8620689655172413,29
182,C,C,0.5769230769230769,26
183,S,S,0.7692307692307693,26
184,D,D,0.8076923076923077,26
185,S,S,0.5862068965517241,29
186,D,D,0.9310344827586207,29
187,G,G,0.7931034482758621,29
188,L,L,0.7931034482758621,29
189,A,A,0.896551724137931,29
190,P,P,0.896551724137931,29
191,P,P,0.7586206896551724,29
192,Q,Q,0.7241379310344828,29
193,H,H,1.0,29
194,L,L,1.0,29
195,I,I,0.896551724137931,29
196,R,R,1.0,29
197,V,V,0.9310344827586207,29
198,E,E,1.0,29
199,G,G,1.0,29
200,N,N,0.896551724137931,29
201,L,L,0.6551724137931034,29
202,R,R,0.6551724137931034,29
203,V,A,0.7586206896551724,29
204,E,E,0.6551724137931034,29
205,Y,Y,1.0,29
206,L,L,0.4482758620689655,29
207,D,D,0.6896551724137931,29
208,D,D,0.9655172413793104,29
209,R,R,0.6206896551724138,29
210,N,N,0.6206896551724138,29
211,T,T,0.9310344827586207,29
212,F,F,0.6896551724137931,29
213,R,R,0.9655172413793104,29
214,H,H,0.896551724137931,29
215,S,S,1.0,29
216,V,V,1.0,29
217,V,V,0.7931034482758621,29
218,V,V,1.0,29
219,P,P,1.0,29
220,Y,Y,1.0,29
221,E,E,1.0,29
222,P,P,0.7931034482758621,29
223,P,P,1.0,29
224,E,E,0.7241379310344828,29
225,V,V,0.6896551724137931,29
226,G,G,0.896551724137931,29
227,S,S,0.9310344827586207,29
228,D,D,0.5517241379310345,29
229,C,C,0.6896551724137931,29
230,T,T,1.0,29
231,T,T,0.9655172413793104,29
232,I,I,0.7931034482758621,29
233,H,H,0.6896551724137931,29
234,Y,Y,0.8620689655172413,29
235,N,N,0.8275862068965517,29
236,Y,Y,0.6206896551724138,29
237,M,M,1.0,29
238,C,C,1.0,29
239,N,N,1.0,29
240,S,S,1.0,29
241,S,S,1.0,29
242,C,C,1.0,29
243,M,M,1.0,29
244,G,G,1.0,29
245,G,G,1.0,29
246,M,M,1.0,29
247,N,N,1.0,29
248,R,R,1.0,29
249,R,R,1.0,29
250,P,P,0.9655172413793104,29
251,I,I,1.0,29
252,L,L,0.9655172413793104,29
253,T,T,1.0,29
254,I,I,1.0,29
255,I,I,0.8620689655172413,29
256,T,T,0.9655172413793104,29
257,L,L,1.0,29
258,E,E,1.0,29
259,D,D,0.6551724137931034,29
260,S,S,0.6071428571428571,28
261,S,S,0.5172413793103449,29
262,G,G,1.0,29
263,N,N,0.5862068965517241,29
264,L,L,0.8620689655172413,29
265,L,L,1.0,29
266,G,G,1.0,29
267,R,R,1.0,29
268,N,N,0.5517241379310345,29
269,S,S,0.7931034482758621,29
270,F,F,1.0,29
271,E,E,1.0,29
272,V,V,1.0,29
273,R,R,1.0,29
274,V,V,0.8620689655172413,29
275,C,C,1.0,29
276,A,A,1.0,29
277,C,C,1.0,29
278,P,P,1.0,29
279,G,G,1.0,29
280,R,R,1.0,29
281,D,D,1.0,29
282,R,R,1.0,29
283,R,R,0.7241379310344828,29
284,T,T,0.9655172413793104,29
285,E,E,0.9655172413793104,29
286,E,E,1.0,29
287,E,E,0.7241379310344828,29
288,N,N,0.9310344827586207,29
289,L,F,0.7241379310344828,29
290,R,R,0.5862068965517241,29
291,K,K,1.0,29
292,K,K,0.6896551724137931,29
293,G,G,0.6551724137931034,29
294,E,E,0.5862068965517241,29
295,P,P,0.42857142857142855,28
296,H,C,0.6785714285714286,28
297,H,P,0.5925925925925926,27
298,E,E,0.6296296296296297,27
299,L,L,0.5416666666666666,24
300,P,P,0.9523809523809523,21
301,P,P,0.8571428571428571,21
302,G,G,0.64,25
303,S,S,0.7037037037037037,27
304,T,T,0.4642857142857143,28
305,K,K,1.0,28
306,R,R,1.0,29
307,A,A,0.7586206896551724,29
308,L,L,0.7931034482758621,29
309,P,P,0.6896551724137931,29
310,N,T,0.4074074074074074,27
311,N,N,0.37037037037037035,27
312,T,T,0.7777777777777778,27
313,S,S,0.7857142857142857,28
314,S,S,0.75,28
315,S,S,0.6785714285714286,28
316,P,P,0.8571428571428571,28
317,Q,Q,0.5172413793103449,29
318,P,P,0.4482758620689655,29
319,K,K,0.9310344827586207,29
320,K,K,0.6896551724137931,29
321,K,K,0.6896551724137931,29
322,P,P,0.6206896551724138,29
323,L,L,0.6896551724137931,29
324,D,D,0.9310344827586207,29
325,G,G,0.6206896551724138,29
326,E,E,1.0,29
327,Y,Y,0.6896551724137931,29
328,F,F,0.8620689655172413,29
329,T,T,0.896551724137931,29
330,L,L,0.9310344827586207,29
331,Q,Q,0.6551724137931034,29
332,I,I,0.7931034482758621,29
333,R,R,0.896551724137931,29
334,G,G,1.0,29
335,R,R,0.7586206896551724,29
336,E,E,0.6896551724137931,29
337,R,R,0.9310344827586207,29
338,F,F,0.5862068965517241,29
339,E,E,0.9310344827586207,29
340,M,M,0.8275862068965517,29
341,F,F,0.6206896551724138,29
342,R,R,0.5862068965517241,29
343,E,E,0.6896551724137931,29
344,L,L,0.6896551724137931,29
345,N,N,1.0,29
346,E,E,0.6551724137931034,29
347,A,A,0.7931034482758621,29
348,L,L,0.9655172413793104,29
349,E,E,0.9310344827586207,29
350,L,L,0.9310344827586207,29
351,K,K,0.6551724137931034,29
352,D,D,0.7931034482758621,29
353,A,A,0.6896551724137931,29
354,Q,Q,0.5172413793103449,29
355,A,A,0.4827586206896552,29
356,G,G,0.42857142857142855,28
357,K,K,0.5,28
358,E,E,0.6551724137931034,29
359,P,P,0.5172413793103449,29
360,G,G,0.4642857142857143,28
361,G,G,0.32142857142857145,28
362,S,S,0.72,25
363,R,R,0.92,25
364,A,A,0.72,25
365,H,H,0.8333333333333334,24
366,S,S,0.7916666666666666,24
367,S,S,0.8,25
368,H,H,0.52,25
369,L,L,0.6666666666666666,27
370,K,K,0.7857142857142857,28
371,S,S,0.5357142857142857,28
372,K,K,0.7142857142857143,28
373,K,K,0.6896551724137931,29
374,G,G,0.7586206896551724,29
375,Q,Q,0.5862068965517241,29
376,S,S,0.6896551724137931,29
377,T,P,0.4827586206896552,29
378,S,S,0.7931034482758621,29
379,R,R,0.6206896551724138,29
380,H,H,0.6206896551724138,29
381,K,K,0.9655172413793104,29
382,K,K,0.9310344827586207,29
383,L,L,0.5172413793103449,29
384,M,M,0.7241379310344828,29
385,F,F,0.41379310344827586,29
386,K,K,0.896551724137931,29
387,T,R,0.42857142857142855,28
388,E,E,0.8928571428571429,28
389,G,G,0.75,28
390,P,P,0.6666666666666666,27
391,D,D,0.9629629629629629,27
392,S,S,0.9629629629629629,27
393,D,D,0.9259259259259259,27
